{"mean":{"confidence_interval":{"confidence_level":0.95,"lower_bound":-0.1737868832249867,"upper_bound":-0.1722163882599089},"point_estimate":-0.17289494997795596,"standard_error":0.0004022870646190039},"median":{"confidence_interval":{"confidence_level":0.95,"lower_bound":-0.17318329222617773,"upper_bound":-0.1717782814509058},"point_estimate":-0.1726909929739472,"standard_error":0.00039561774516183763}}