{"mean":{"confidence_interval":{"confidence_level":0.95,"lower_bound":66106737.3724375,"upper_bound":66170644.24932813},"point_estimate":66136823.2525,"standard_error":16372.170501190432},"median":{"confidence_interval":{"confidence_level":0.95,"lower_bound":66066270.59375,"upper_bound":66121631.09375},"point_estimate":66083189.8125,"standard_error":13114.973469536817},"median_abs_dev":{"confidence_interval":{"confidence_level":0.95,"lower_bound":79957.72853046656,"upper_bound":138795.40345463902},"point_estimate":105300.92183053493,"standard_error":14716.019985455383},"slope":null,"std_dev":{"confidence_interval":{"confidence_level":0.95,"lower_bound":113380.10781821013,"upper_bound":209514.34339474677},"point_estimate":164750.85949888817,"standard_error":24593.12875150869}}