{"mean":{"confidence_interval":{"confidence_level":0.95,"lower_bound":-0.14649384044151254,"upper_bound":-0.14518397909494743},"point_estimate":-0.14586027340011842,"standard_error":0.00032274877465100326},"median":{"confidence_interval":{"confidence_level":0.95,"lower_bound":-0.14727885875035496,"upper_bound":-0.14562502585383819},"point_estimate":-0.14632673825412235,"standard_error":0.0004457460973237358}}