{"mean":{"confidence_interval":{"confidence_level":0.95,"lower_bound":-0.6827076258923543,"upper_bound":-0.682262238037404},"point_estimate":-0.6824897295477149,"standard_error":0.00011381040954522421},"median":{"confidence_interval":{"confidence_level":0.95,"lower_bound":-0.682975050848246,"upper_bound":-0.6825117050838534},"point_estimate":-0.6827323947890329,"standard_error":0.00011314767328006694}}