{"mean":{"confidence_interval":{"confidence_level":0.95,"lower_bound":-0.6821717106831791,"upper_bound":-0.6814764747358018},"point_estimate":-0.681877391958362,"standard_error":0.00017264586128381128},"median":{"confidence_interval":{"confidence_level":0.95,"lower_bound":-0.6822093729201598,"upper_bound":-0.6817960920752777},"point_estimate":-0.6819761319270339,"standard_error":0.00009890875141024014}}