{"mean":{"confidence_interval":{"confidence_level":0.95,"lower_bound":105951231.53362495,"upper_bound":106102434.57147501},"point_estimate":106026351.43600002,"standard_error":38548.26326727716},"median":{"confidence_interval":{"confidence_level":0.95,"lower_bound":105853970.6,"upper_bound":106051216.9},"point_estimate":105972917.6,"standard_error":56801.00673196656},"median_abs_dev":{"confidence_interval":{"confidence_level":0.95,"lower_bound":248533.7933376542,"upper_bound":437683.0084195711},"point_estimate":347270.8003047153,"standard_error":45366.61275067938},"slope":null,"std_dev":{"confidence_interval":{"confidence_level":0.95,"lower_bound":327665.11117074196,"upper_bound":442732.293459607},"point_estimate":385999.9614708485,"standard_error":29430.672937446638}}