{"mean":{"confidence_interval":{"confidence_level":0.95,"lower_bound":-0.23424063865478006,"upper_bound":-0.23305240494532242},"point_estimate":-0.23358081102475892,"standard_error":0.00030441153130072345},"median":{"confidence_interval":{"confidence_level":0.95,"lower_bound":-0.2331001058806459,"upper_bound":-0.23260784472835883},"point_estimate":-0.232841658189042,"standard_error":0.00012743883246910532}}