{"mean":{"confidence_interval":{"confidence_level":0.95,"lower_bound":-0.7123047450515714,"upper_bound":-0.711727240205887},"point_estimate":-0.7120260492423105,"standard_error":0.00014675831205682635},"median":{"confidence_interval":{"confidence_level":0.95,"lower_bound":-0.7128035070954868,"upper_bound":-0.711507075492416},"point_estimate":-0.7122825469276799,"standard_error":0.00035082070746014814}}