{"mean":{"confidence_interval":{"confidence_level":0.95,"lower_bound":-0.7137410391131327,"upper_bound":-0.7134290189836766},"point_estimate":-0.7135823881755778,"standard_error":0.00007959177018238776},"median":{"confidence_interval":{"confidence_level":0.95,"lower_bound":-0.7136754449633481,"upper_bound":-0.7132006746975499},"point_estimate":-0.7134290667548107,"standard_error":0.00012278176294451814}}