{"mean":{"confidence_interval":{"confidence_level":0.95,"lower_bound":208190743.23574993,"upper_bound":208406594.01529998},"point_estimate":208298217.12,"standard_error":55032.01160186515},"median":{"confidence_interval":{"confidence_level":0.95,"lower_bound":208201106.10000002,"upper_bound":208444001.4},"point_estimate":208288488.1,"standard_error":62309.23008116189},"median_abs_dev":{"confidence_interval":{"confidence_level":0.95,"lower_bound":372052.58859224623,"upper_bound":666618.4609651566},"point_estimate":527442.2053760379,"standard_error":75301.34805942136},"slope":null,"std_dev":{"confidence_interval":{"confidence_level":0.95,"lower_bound":465912.7449543764,"upper_bound":627908.8744330915},"point_estimate":550659.8213966741,"standard_error":41357.953839901515}}