{"mean":{"confidence_interval":{"confidence_level":0.95,"lower_bound":-0.23678788663064554,"upper_bound":-0.23628462973887127},"point_estimate":-0.2365438955063226,"standard_error":0.0001283198335961813},"median":{"confidence_interval":{"confidence_level":0.95,"lower_bound":-0.2369597107069492,"upper_bound":-0.23667261760479086},"point_estimate":-0.2368510319990378,"standard_error":0.00007554392769661593}}